{
  "$comment": "Generated by scripts/snapshot-metrics.mjs — last-known metric values used as fallback (rendered with a stale badge) when live fetch fails. Do not edit by hand.",
  "generatedAt": "2026-06-27T05:39:34.052Z",
  "values": {
    "spark": 4605926148.150721,
    "aave": 12419976339.878122,
    "morpho": 6592688269.769672,
    "fluid": 926758224.6973593,
    "gearbox": 16565875.851928446,
    "euler": 292188138.31337607,
    "compound-finance": 1129437136.680316,
    "liquity": 184378362.22308522,
    "uniswap": 3106707289.683024,
    "curve-finance": 1228681430.10691,
    "balancer": 162978355.4719873,
    "cow-swap": 170347560,
    "1inch": 113201936,
    "0x-aggregator": 170959935,
    "yearn-finance": 141144228.50060037,
    "mellow-protocol": 197480552.43192634,
    "pendle": 934182520.8222603,
    "lido": 14371390459.811144,
    "rocket-pool": 843297293.3339068
  }
}
