{
  "$comment": "Generated by scripts/snapshot-metrics.mjs — last-known metric values used as fallback (rendered with a stale badge) when live fetch fails. Do not edit by hand.",
  "generatedAt": "2026-07-01T05:54:33.815Z",
  "values": {
    "spark": 4561373137.95287,
    "aave": 12342358665.027128,
    "morpho": 6520801028.217697,
    "fluid": 950753533.804522,
    "gearbox": 16625281.649635006,
    "euler": 276159048.3200153,
    "compound-finance": 1127595546.5447154,
    "liquity": 185698842.65267402,
    "uniswap": 2832226880.044567,
    "curve-finance": 1219635629.81844,
    "balancer": 179011895.3342994,
    "cow-swap": 117300515,
    "1inch": 72949355,
    "0x-aggregator": 188337766,
    "yearn-finance": 140259247.60759607,
    "mellow-protocol": 203182913.92530182,
    "pendle": 955113217.7983407,
    "lido": 14536885653.768835,
    "rocket-pool": 852248494.7855374
  }
}
