{
  "$comment": "Generated by scripts/snapshot-metrics.mjs — last-known metric values used as fallback (rendered with a stale badge) when live fetch fails. Do not edit by hand.",
  "generatedAt": "2026-06-19T06:05:16.196Z",
  "values": {
    "spark": 4645478426.74893,
    "aave": 12731490123.232153,
    "morpho": 6842958669.357613,
    "fluid": 950598315.3132563,
    "gearbox": 18299808.68785975,
    "euler": 282005292.1846632,
    "compound-finance": 1148545357.246756,
    "liquity": 200236948.6318326,
    "uniswap": 3110667653.7740016,
    "curve-finance": 1417585799.17429,
    "balancer": 138423545.13117447,
    "cow-swap": 115460612,
    "1inch": 129996113,
    "0x-aggregator": 179302483,
    "yearn-finance": 146032595.394539,
    "mellow-protocol": 154310779.08465,
    "pendle": 919685602.5214165,
    "lido": 15268761050.469225,
    "rocket-pool": 907881053.1459961
  }
}
