{
  "$comment": "Generated by scripts/snapshot-metrics.mjs — last-known metric values used as fallback (rendered with a stale badge) when live fetch fails. Do not edit by hand.",
  "generatedAt": "2026-06-28T05:49:30.764Z",
  "values": {
    "spark": 4573364605.18946,
    "aave": 12446348070.790585,
    "morpho": 6555899827.705151,
    "fluid": 933156606.4342287,
    "gearbox": 16493983.964076804,
    "euler": 283025143.1894049,
    "compound-finance": 1126171584.6411512,
    "liquity": 183201256.132078,
    "uniswap": 3083576659.584126,
    "curve-finance": 1222829817.04576,
    "balancer": 166663051.5828001,
    "cow-swap": 35478140,
    "1inch": 55083318,
    "0x-aggregator": 246036300,
    "yearn-finance": 140418642.27637756,
    "mellow-protocol": 196857212.58196905,
    "pendle": 934893772.4673434,
    "lido": 14288700775.318487,
    "rocket-pool": 838685648.811548
  }
}
