{
  "$comment": "Generated by scripts/snapshot-metrics.mjs — last-known metric values used as fallback (rendered with a stale badge) when live fetch fails. Do not edit by hand.",
  "generatedAt": "2026-06-22T06:11:49.308Z",
  "values": {
    "spark": 4700106272.31697,
    "aave": 13044874374.309591,
    "morpho": 6856003861.349117,
    "fluid": 959540796.6161183,
    "gearbox": 18653511.5674354,
    "euler": 271999568.15879285,
    "compound-finance": 1184808723.9672446,
    "liquity": 204642903.68332678,
    "uniswap": 3037224020.681071,
    "curve-finance": 1430497148.94697,
    "balancer": 144116937.64729482,
    "cow-swap": 28742579,
    "1inch": 35280347,
    "0x-aggregator": 135914012,
    "yearn-finance": 147199689.5963627,
    "mellow-protocol": 159254426.78050458,
    "pendle": 988906092.7376511,
    "lido": 15658049566.301802,
    "rocket-pool": 928709278.6433246
  }
}
