{
  "$comment": "Generated by scripts/snapshot-metrics.mjs — last-known metric values used as fallback (rendered with a stale badge) when live fetch fails. Do not edit by hand.",
  "generatedAt": "2026-06-15T06:09:33.027Z",
  "values": {
    "spark": 4760142510.83922,
    "aave": 12684821974.898415,
    "morpho": 6888745631.359598,
    "fluid": 971618770.4620404,
    "gearbox": 17655176.801011547,
    "euler": 271064009.165369,
    "compound-finance": 1176899343.519503,
    "liquity": 203523705.27865794,
    "uniswap": 2859232218.0444884,
    "curve-finance": 1437802115.95265,
    "balancer": 127427930.4085663,
    "cow-swap": 41061072,
    "1inch": 29745040,
    "0x-aggregator": 81114663,
    "yearn-finance": 150077765.7734806,
    "mellow-protocol": 128063179.28507623,
    "pendle": 1171719145.6462643,
    "lido": 15471749143.919725,
    "rocket-pool": 922529546.8581072
  }
}
