{
  "$comment": "Generated by scripts/snapshot-metrics.mjs — last-known metric values used as fallback (rendered with a stale badge) when live fetch fails. Do not edit by hand.",
  "generatedAt": "2026-06-20T05:49:27.694Z",
  "values": {
    "spark": 4607892677.31147,
    "aave": 12866374954.595476,
    "morpho": 6918062242.517441,
    "fluid": 946057750.8979888,
    "gearbox": 18232663.1295708,
    "euler": 282241016.72419,
    "compound-finance": 1159696382.1927092,
    "liquity": 201565432.5298568,
    "uniswap": 3107587885.753455,
    "curve-finance": 1422305796.78096,
    "balancer": 141180179.9069528,
    "cow-swap": 60747608,
    "1inch": 41396588,
    "0x-aggregator": 228627577,
    "yearn-finance": 146089924.93045527,
    "mellow-protocol": 155787995.82518107,
    "pendle": 960884504.0773277,
    "lido": 15358712054.038597,
    "rocket-pool": 914461357.5507166
  }
}
