{
  "$comment": "Generated by scripts/snapshot-metrics.mjs — last-known metric values used as fallback (rendered with a stale badge) when live fetch fails. Do not edit by hand.",
  "generatedAt": "2026-06-16T06:14:19.265Z",
  "values": {
    "spark": 4764264926.82291,
    "aave": 12879068951.6036,
    "morpho": 7008801885.381503,
    "fluid": 972251478.3643588,
    "gearbox": 18703035.463113777,
    "euler": 272324125.75497115,
    "compound-finance": 1190607244.9786732,
    "liquity": 208597516.12987435,
    "uniswap": 2879642960.698747,
    "curve-finance": 1440043538.21436,
    "balancer": 131398914.68304032,
    "cow-swap": 130749041,
    "1inch": 175763704,
    "0x-aggregator": 107521984,
    "yearn-finance": 151628381.4883235,
    "mellow-protocol": 144391942.89375782,
    "pendle": 1179676800.6451643,
    "lido": 15873390778.965105,
    "rocket-pool": 945849288.8334842
  }
}
