{
  "$comment": "Generated by scripts/snapshot-metrics.mjs — last-known metric values used as fallback (rendered with a stale badge) when live fetch fails. Do not edit by hand.",
  "generatedAt": "2026-06-26T05:47:34.021Z",
  "values": {
    "spark": 4466847524.41852,
    "aave": 12152639411.374022,
    "morpho": 6518922267.619193,
    "fluid": 914216614.0587332,
    "gearbox": 16411184.925432477,
    "euler": 290201723.9874851,
    "compound-finance": 1116115017.012315,
    "liquity": 180748747.95142716,
    "uniswap": 3114717107.699712,
    "curve-finance": 1228868452.16239,
    "balancer": 156959068.59431815,
    "cow-swap": 135678951,
    "1inch": 90075228,
    "0x-aggregator": 187863996,
    "yearn-finance": 139958432.10760128,
    "mellow-protocol": 194524205.5405627,
    "pendle": 935368994.6404983,
    "lido": 13920539944.182796,
    "rocket-pool": 818323804.2599487
  }
}
