{
  "$comment": "Generated by scripts/snapshot-metrics.mjs — last-known metric values used as fallback (rendered with a stale badge) when live fetch fails. Do not edit by hand.",
  "generatedAt": "2026-06-18T06:02:02.524Z",
  "values": {
    "spark": 4431801261.73629,
    "aave": 12853744757.015034,
    "morpho": 6988958388.088841,
    "fluid": 958309614.633076,
    "gearbox": 17994887.86069937,
    "euler": 266336221.86741972,
    "compound-finance": 1173079489.4815872,
    "liquity": 204124807.89693493,
    "uniswap": 3109054541.891635,
    "curve-finance": 1418711733.15891,
    "balancer": 135380931.48535785,
    "cow-swap": 95110103,
    "1inch": 75866055,
    "0x-aggregator": 145119378,
    "yearn-finance": 149539425.25486702,
    "mellow-protocol": 145104138.0861851,
    "pendle": 1068355429.685708,
    "lido": 15691871462.133108,
    "rocket-pool": 928003704.5906831
  }
}
