{
  "$comment": "Generated by scripts/snapshot-metrics.mjs — last-known metric values used as fallback (rendered with a stale badge) when live fetch fails. Do not edit by hand.",
  "generatedAt": "2026-06-21T06:02:49.971Z",
  "values": {
    "spark": 4705525246.349959,
    "aave": 13080249372.649595,
    "morpho": 6903801048.643,
    "fluid": 964772394.86854,
    "gearbox": 18454058.332602926,
    "euler": 277058636.3689072,
    "compound-finance": 1185296087.1743753,
    "liquity": 204524685.95613533,
    "uniswap": 3107497690.019667,
    "curve-finance": 1431046059.59785,
    "balancer": 141416067.163268,
    "cow-swap": 30526372,
    "1inch": 105924432,
    "0x-aggregator": 121002290,
    "yearn-finance": 147776275.79457206,
    "mellow-protocol": 158741239.6567922,
    "pendle": 968965735.0059626,
    "lido": 15666761722.6544,
    "rocket-pool": 930033732.4710158
  }
}
