{
  "$comment": "Generated by scripts/snapshot-metrics.mjs — last-known metric values used as fallback (rendered with a stale badge) when live fetch fails. Do not edit by hand.",
  "generatedAt": "2026-06-11T15:24:19.068Z",
  "values": {
    "spark": 4715169893.52993,
    "aave": 12127510765.990992,
    "morpho": 6449780063.058507,
    "fluid": 939376130.3456819,
    "gearbox": 17946784.16061074,
    "euler": 267968008.26874876,
    "compound-finance": 1138054164.623424,
    "liquity": 193681129.03550816,
    "uniswap": 2806812155.7188826,
    "curve-finance": 1444732262.89711,
    "balancer": 119585654.54889919,
    "cow-swap": 101177847,
    "1inch": 54523104,
    "0x-aggregator": 130042324,
    "yearn-finance": 153134487.21988288,
    "mellow-protocol": 141595083.57459012,
    "pendle": 1141159003.7936068,
    "lido": 14648003712.605074,
    "rocket-pool": 880988947.8445718
  }
}
