{
  "$comment": "Generated by scripts/snapshot-metrics.mjs — last-known metric values used as fallback (rendered with a stale badge) when live fetch fails. Do not edit by hand.",
  "generatedAt": "2026-06-13T05:50:01.465Z",
  "values": {
    "spark": 4717204655.563729,
    "aave": 12303712286.86781,
    "morpho": 6649332584.540956,
    "fluid": 936991110.9597335,
    "gearbox": 17359681.299066253,
    "euler": 269814216.946598,
    "compound-finance": 1146105482.2099984,
    "liquity": 195591043.48480624,
    "uniswap": 2813124246.1438503,
    "curve-finance": 1427107604.07326,
    "balancer": 122956686.98325066,
    "cow-swap": 86154674,
    "1inch": 102792342,
    "0x-aggregator": 139776914,
    "yearn-finance": 151420214.91847873,
    "mellow-protocol": 124527339.15938535,
    "pendle": 1170157833.5980232,
    "lido": 14837240672.74948,
    "rocket-pool": 892557898.9772947
  }
}
