{
  "$comment": "Generated by scripts/snapshot-metrics.mjs — last-known metric values used as fallback (rendered with a stale badge) when live fetch fails. Do not edit by hand.",
  "generatedAt": "2026-06-24T05:46:06.270Z",
  "values": {
    "spark": 4585141094.07502,
    "aave": 12688677119.420906,
    "morpho": 6751348885.7316475,
    "fluid": 937914910.0290856,
    "gearbox": 17465480.057094947,
    "euler": 272301246.7931722,
    "compound-finance": 1153328254.2257824,
    "liquity": 195082845.30571842,
    "uniswap": 3070309244.348096,
    "curve-finance": 1409507543.3987,
    "balancer": 150532385.8516569,
    "cow-swap": 88454754,
    "1inch": 109200330,
    "0x-aggregator": 154662531,
    "yearn-finance": 144534374.17984518,
    "mellow-protocol": 208012138.5892725,
    "pendle": 1031446428.8624121,
    "lido": 15031094463.108425,
    "rocket-pool": 885516701.9330964
  }
}
