{
  "$comment": "Generated by scripts/snapshot-metrics.mjs — last-known metric values used as fallback (rendered with a stale badge) when live fetch fails. Do not edit by hand.",
  "generatedAt": "2026-06-29T06:01:01.334Z",
  "values": {
    "spark": 4595576149.52172,
    "aave": 12460064303.486332,
    "morpho": 6570685932.208681,
    "fluid": 940752521.2484996,
    "gearbox": 16669251.682795923,
    "euler": 279222717.7889192,
    "compound-finance": 1120520292.298976,
    "liquity": 184430584.19263774,
    "uniswap": 3027130592.5383635,
    "curve-finance": 1220857022.82492,
    "balancer": 169456227.8370439,
    "cow-swap": 29596823,
    "1inch": 37642921,
    "0x-aggregator": 80518591,
    "yearn-finance": 140719436.55054212,
    "mellow-protocol": 198745444.1837472,
    "pendle": 932069523.8912773,
    "lido": 14368039215.230701,
    "rocket-pool": 842826284.3377585
  }
}
