{
  "$comment": "Generated by scripts/snapshot-metrics.mjs — last-known metric values used as fallback (rendered with a stale badge) when live fetch fails. Do not edit by hand.",
  "generatedAt": "2026-06-17T06:04:40.816Z",
  "values": {
    "spark": 4542368993.9178,
    "aave": 13185002798.58569,
    "morpho": 7133314598.308442,
    "fluid": 974622656.7249061,
    "gearbox": 18692661.221482996,
    "euler": 270783635.4027117,
    "compound-finance": 1198615778.6647048,
    "liquity": 211406439.53161246,
    "uniswap": 3144837479.9207172,
    "curve-finance": 1435225739.7658901,
    "balancer": 133641847.70222273,
    "cow-swap": 102694378,
    "1inch": 106416567,
    "0x-aggregator": 204520830,
    "yearn-finance": 151461825.23060375,
    "mellow-protocol": 147797397.98490041,
    "pendle": 1183872119.3972347,
    "lido": 16117651017.865086,
    "rocket-pool": 959788605.3973528
  }
}
