{
  "$comment": "Generated by scripts/snapshot-metrics.mjs — last-known metric values used as fallback (rendered with a stale badge) when live fetch fails. Do not edit by hand.",
  "generatedAt": "2026-06-25T05:46:17.271Z",
  "values": {
    "spark": 4443178902.469581,
    "aave": 12455870112.16256,
    "morpho": 6680963125.811241,
    "fluid": 937314824.0604461,
    "gearbox": 17065852.181695238,
    "euler": 273104435.76940686,
    "compound-finance": 1136619957.6567688,
    "liquity": 190510512.1058589,
    "uniswap": 3101050874.981269,
    "curve-finance": 1270761426.66203,
    "balancer": 153785424.40639997,
    "cow-swap": 143083042,
    "1inch": 99744717,
    "0x-aggregator": 182258698,
    "yearn-finance": 141747989.32470208,
    "mellow-protocol": 203493881.6915434,
    "pendle": 999444762.0548052,
    "lido": 14659559101.189209,
    "rocket-pool": 871717409.8015099
  }
}
