{
  "$comment": "Generated by scripts/snapshot-metrics.mjs — last-known metric values used as fallback (rendered with a stale badge) when live fetch fails. Do not edit by hand.",
  "generatedAt": "2026-06-30T05:47:12.010Z",
  "values": {
    "spark": 4554757113.31115,
    "aave": 12411751756.205904,
    "morpho": 6575470231.353874,
    "fluid": 948610645.195215,
    "gearbox": 16711630.691892494,
    "euler": 295862595.7108444,
    "compound-finance": 1126034075.5951838,
    "liquity": 184951834.18049252,
    "uniswap": 3049824190.4412374,
    "curve-finance": 1225287926.26416,
    "balancer": 174127603.79582295,
    "cow-swap": 126523152,
    "1inch": 161167009,
    "0x-aggregator": 110626305,
    "yearn-finance": 140899281.1852501,
    "mellow-protocol": 200865023.15388754,
    "pendle": 941203717.4506221,
    "lido": 14471655377.290016,
    "rocket-pool": 844725461.7816899
  }
}
