{
  "$comment": "Generated by scripts/snapshot-metrics.mjs — last-known metric values used as fallback (rendered with a stale badge) when live fetch fails. Do not edit by hand.",
  "generatedAt": "2026-06-14T06:00:56.566Z",
  "values": {
    "spark": 4693801845.12487,
    "aave": 12426017561.352781,
    "morpho": 6737250419.8580885,
    "fluid": 954771018.2247604,
    "gearbox": 17462436.016150467,
    "euler": 270611109.73794574,
    "compound-finance": 1155958813.6756034,
    "liquity": 197829882.2070254,
    "uniswap": 2808016603.374564,
    "curve-finance": 1432429554.16712,
    "balancer": 125916382.05811462,
    "cow-swap": 21957864,
    "1inch": 26310868,
    "0x-aggregator": 169894532,
    "yearn-finance": 151779846.25457412,
    "mellow-protocol": 124634618.7413618,
    "pendle": 1171304527.9637504,
    "lido": 14964269872.858948,
    "rocket-pool": 899585564.4169117
  }
}
