{
  "$comment": "Generated by scripts/snapshot-metrics.mjs — last-known metric values used as fallback (rendered with a stale badge) when live fetch fails. Do not edit by hand.",
  "generatedAt": "2026-06-23T05:46:25.914Z",
  "values": {
    "spark": 4654795038.29076,
    "aave": 13024153453.161522,
    "morpho": 6826688218.065226,
    "fluid": 955223206.531136,
    "gearbox": 17947675.15637226,
    "euler": 283360810.6299549,
    "compound-finance": 1181629822.5875213,
    "liquity": 202644222.17686105,
    "uniswap": 3112620312.549658,
    "curve-finance": 1422562217.05799,
    "balancer": 149106205.34210774,
    "cow-swap": 86514272,
    "1inch": 97684533,
    "0x-aggregator": 148043207,
    "yearn-finance": 146280488.82050195,
    "mellow-protocol": 210983862.83636042,
    "pendle": 1026556643.1692499,
    "lido": 15585316785.831285,
    "rocket-pool": 917475494.4386663
  }
}
